<?xml version="1.0" encoding="UTF-8"?>
<beans xmlns="http://www.springframework.org/schema/beans"
  xmlns:xsi="http://www.w3.org/2001/XMLSchema-instance" xmlns:context="http://www.springframework.org/schema/context"
  xmlns:mvc="http://www.springframework.org/schema/mvc"
  xsi:schemaLocation="http://www.springframework.org/schema/mvc http://www.springframework.org/schema/mvc/spring-mvc-3.0.xsd
        http://www.springframework.org/schema/beans http://www.springframework.org/schema/beans/spring-beans-3.0.xsd
        http://www.springframework.org/schema/context http://www.springframework.org/schema/context/spring-context-3.0.xsd">

  <!-- Scans the classpath of this application for @Components to deploy 
    as beans -->
  <context:component-scan base-package="com.tupianxiu.web" />

  <!-- Configures the @Controller programming model -->
  <mvc:annotation-driven />

  <!-- Handles HTTP GET requests for /resources/** by efficiently serving 
    up static resources in the ${webappRoot}/resources/ directory -->
  <mvc:resources mapping="/style/**" location="/style/" />
  <mvc:resources mapping="/image/**" location="/image/" />
  <mvc:resources mapping="*.html" location="/*.html" />

  <bean
    class="org.springframework.web.servlet.view.ContentNegotiatingViewResolver">
    <property name="favorPathExtension" value="true" />
    <!-- 设置为true以忽略对Accept Header的支持 -->
    <property name="ignoreAcceptHeader" value="true" />
    <!-- 在没有扩展名时即: "/user/1" 时的默认展现形式 -->
    <property name="defaultContentType" value="text/html" />
    <property name="mediaTypes">
      <map>
        <entry key="json" value="application/json" />
        <entry key="jsonp" value="application/javascript" />
      </map>
    </property>
    <property name="defaultViews">
      <list>
        <bean
          class="org.springframework.web.servlet.view.json.MappingJacksonJsonView" />
        <bean class="com.tupianxiu.web.MappingJacksonJsonpView" />
      </list>
    </property>
  </bean>


</beans>
