<?xml version="1.0"  encoding="UTF-8"?>

  <!--
    Licensed to the Apache Software Foundation (ASF) under one or more
    contributor license agreements. See the NOTICE file distributed with
    this work for additional information regarding copyright ownership.
    The ASF licenses this file to you under the Apache License, Version
    2.0 (the "License"); you may not use this file except in compliance
    with the License. You may obtain a copy of the License at

    http://www.apache.org/licenses/LICENSE-2.0 Unless required by
    applicable law or agreed to in writing, software distributed under
    the License is distributed on an "AS IS" BASIS, WITHOUT WARRANTIES
    OR CONDITIONS OF ANY KIND, either express or implied. See the
    License for the specific language governing permissions and
    limitations under the License.
  -->

<toolbox>
  <data type="string">
    <key>version</key>
    <value>1.3</value>
  </data>

  <tool>
    <key>math</key>
    <scope>application</scope>
    <class>org.apache.velocity.tools.generic.MathTool</class>
  </tool>


  <tool>
    <key>link</key>
    <scope>request</scope>
    <class>org.apache.velocity.tools.view.tools.LinkTool</class>
  </tool>
  
   <tool>
    <key>stringUtils</key>
    <scope>application</scope>
    <class>org.apache.commons.lang.StringUtils</class>
  </tool>

  <!--
    ordinarily the SecureLinkTool would simply replace the
    StrutsLinkTool if SSL Ext. is in use - in that case the key would be
    'link' but it's 'slink' here to distinguish between the two.
  -->

</toolbox>
